<SOAP-ENV:Envelope xmlns:SOAP-ENV="http://schemas.xmlsoap.org/soap/envelope/">
   <SOAP-ENV:Header/>
   <SOAP-ENV:Body>
      <ns2:getNotificationPackageStateResponse xmlns:ns2="http://fciit.ru/eis2/ruzdi/getNotificationPackageStateService/v1_0">
         <ns2:packageState>FAULT</ns2:packageState>
         <ns2:pledgeNotificationStatePackage>
            <ns2:packageId>9263d2d3-c121-4c2e-9699-89aaf9671731</ns2:packageId>
            <ns2:uip>4000000000000000000000000</ns2:uip>
            <ns2:packageStateCode>
               <ns2:code>35</ns2:code>
            </ns2:packageStateCode>
            <ns2:pledgeNotificationStateList>
               <ns2:pledgeNotificationStateListElement>
                  <ns2:notificationId>c3c9e552-4a93-41cf-8e2f-6ebb58313afb</ns2:notificationId>
                  <ns2:notificationStateCode>
                     <ns2:code>35</ns2:code>
                     <ns2:message>Указанный регистрационный номер измененяемого/исключаемого уведомления не найден в реестре уведомлений. Залог не найден.</ns2:message>
                  </ns2:notificationStateCode>
               </ns2:pledgeNotificationStateListElement>
            </ns2:pledgeNotificationStateList>
         </ns2:pledgeNotificationStatePackage>
      </ns2:getNotificationPackageStateResponse>
   </SOAP-ENV:Body>
</SOAP-ENV:Envelope>