<SOAP-ENV:Envelope xmlns:SOAP-ENV="http://schemas.xmlsoap.org/soap/envelope/">
   <SOAP-ENV:Header/>
   <SOAP-ENV:Body>
      <ns2:getNotificationPackageStateResponse xmlns:ns2="http://fciit.ru/eis2/ruzdi/getNotificationPackageStateService/v1_0">
         <ns2:packageState>FAULT</ns2:packageState>
         <ns2:pledgeNotificationStatePackage>
            <ns2:packageId>16a0c2a2-220a-494a-b8df-eb4aa2a0c97f</ns2:packageId>
            <ns2:uip>4000000000000000000000000</ns2:uip>
            <ns2:packageStateCode>
               <ns2:code>34</ns2:code>
               <ns2:message>Владелец сертификата не соответствует владельцу документа. ФИО представителя заявителя не совпадает с ФИО подписанта.</ns2:message>
            </ns2:packageStateCode>
            <ns2:pledgeNotificationStateList>
               <ns2:pledgeNotificationStateListElement>
                  <ns2:notificationId>ef23964d-2929-4fff-9289-940c4ade7b7b</ns2:notificationId>
                  <ns2:notificationStateCode>
                     <ns2:code>34</ns2:code>
                     <ns2:message>Владелец сертификата не соответствует владельцу документа. ФИО представителя заявителя не совпадает с ФИО подписанта.</ns2:message>
                  </ns2:notificationStateCode>
               </ns2:pledgeNotificationStateListElement>
            </ns2:pledgeNotificationStateList>
         </ns2:pledgeNotificationStatePackage>
      </ns2:getNotificationPackageStateResponse>
   </SOAP-ENV:Body>
</SOAP-ENV:Envelope>