<SOAP-ENV:Envelope xmlns:SOAP-ENV="http://schemas.xmlsoap.org/soap/envelope/">
   <SOAP-ENV:Header/>
   <SOAP-ENV:Body>
      <ns2:getNotificationPackageStateResponse xmlns:ns2="http://fciit.ru/eis2/ruzdi/getNotificationPackageStateService/v1_0">
         <ns2:packageState>FAULT</ns2:packageState>
         <ns2:pledgeNotificationStatePackage>
            <ns2:packageId>0a8b08e8-c619-4614-a728-5ccd6723a93a</ns2:packageId>
            <ns2:uip>4000000000000000000000000</ns2:uip>
            <ns2:packageStateCode>
               <ns2:code>33</ns2:code>
               <ns2:message>Не пройдена проверка ЭП. CN != SN+G.</ns2:message>
            </ns2:packageStateCode>
            <ns2:pledgeNotificationStateList>
               <ns2:pledgeNotificationStateListElement>
                  <ns2:notificationId>8d34060a-0833-4563-9475-b1f31eb0143a</ns2:notificationId>
                  <ns2:notificationStateCode>
                     <ns2:code>33</ns2:code>
                     <ns2:message>Не пройдена проверка ЭП. CN != SN+G.</ns2:message>
                  </ns2:notificationStateCode>
               </ns2:pledgeNotificationStateListElement>
            </ns2:pledgeNotificationStateList>
         </ns2:pledgeNotificationStatePackage>
      </ns2:getNotificationPackageStateResponse>
   </SOAP-ENV:Body>
</SOAP-ENV:Envelope>