<?xml version="1.0" encoding="utf-8"?>
<RegistrationCertificate xmlns:xsi="http://www.w3.org/2001/XMLSchema-instance" xmlns:xsd="http://www.w3.org/2001/XMLSchema" version="2.3" xmlns="http://fciit.ru/eisn/ruzdi/types/2.3">
	<RegistrationCertificateId>ff62267d-efaa-48e6-ad32-a79e00fa081c</RegistrationCertificateId>
	<NotificationId>a79e00fa-ad32-48e6-efaa-081cff62267d</NotificationId>
	<RegistrationCertificateData version="2.3">
		<NotificationReferenceNumber>2018-000-000001-777</NotificationReferenceNumber>
		<RegistrationTime>2018-06-01T12:00:00</RegistrationTime>
		<NotificationData version="2.3">
			<FormUZ1>
				<PersonalProperties>
					<PersonalProperty>
						<VehicleProperty>
							<VIN>4JGBB8GB4BA662410</VIN>
							<BodyNumber>4JGBB8GB4BA662410</BodyNumber>
							<Description>Mercedes Benz ML</Description>
						</VehicleProperty>
					</PersonalProperty>
					<PersonalProperty>
						<VehicleProperty>
							<ChassisNumber>6481548</ChassisNumber>
							<Description>Buick Century</Description>
						</VehicleProperty>
					</PersonalProperty>
					<PersonalProperty>
						<VehicleProperty>
							<BodyNumber>WP1AB29P99LA40680</BodyNumber>
							<Description>Porsche Cayenne</Description>
						</VehicleProperty>
					</PersonalProperty>
					<PersonalProperty>
						<VehicleProperty>
							<PIN>JAF0L215HBM439652</PIN>
							<Description>Holland L215</Description>
						</VehicleProperty>
					</PersonalProperty>
				</PersonalProperties>
				<Pledgors>
					<Pledgor>
						<Organization>
							<RussianOrganization>
								<NameFull>ООО "Ромашка"</NameFull>
								<OGRN>1157847358228</OGRN>
								<INN>7813234103</INN>
								<Address>
									<RegionCode>78</RegionCode>
									<Region>Санкт-Петербург</Region>
									<City>Санкт-Петербург</City>
									<Street>наб Реки Фонтанки</Street>
									<House>144</House>
									<Apartment>2</Apartment>
								</Address>
								<Email>art@gmail.com</Email>
							</RussianOrganization>
						</Organization>
					</Pledgor>
				</Pledgors>
				<Pledgee>
					<Pledgee>
						<Organization>
							<RussianOrganization>
								<NameFull>ООО "Джакузи"</NameFull>
								<OGRN>1022700515595</OGRN>
								<INN>2703019009</INN>
								<Address>
									<RegionCode>27</RegionCode>
									<Region>Хабаровский край</Region>
									<City>Комсомольск-на-Амуре г</City>
									<Street>пр-кт Ленина</Street>
									<House>30</House>
									<Building>2</Building>
									<Apartment>22</Apartment>
								</Address>
								<Email>baf@rambler.ru</Email>
							</RussianOrganization>
						</Organization>
						<PublicationDisclaimer>true</PublicationDisclaimer>
					</Pledgee>
				</Pledgee>
				<PledgeContract>
					<Name>Договор залога</Name>
					<Date>2018-06-01</Date>
					<Number>2</Number>
					<TermOfContract>2019-05-31</TermOfContract>
				</PledgeContract>
				<NotificationApplicant>
					<Role>2</Role>
					<Organization>
						<NameFull>ООО "Джакузи"</NameFull>
						<URN>1022700515595</URN>
						<UINN>2703019009</UINN>
						<Email>baf@rambler.ru</Email>
					</Organization>
					<Attorney>
						<Name>
							<Last>Представительный</Last>
							<First>Петр</First>
							<Middle>Петрович</Middle>
						</Name>
						<BirthDate>1991-01-01</BirthDate>
						<Authority>Устав</Authority>
						<PersonDocument>
							<Code>21</Code>
							<Name>Паспорт гражданина Российской Федерации</Name>
							<SeriesNumber>4503 123456</SeriesNumber>
						</PersonDocument>
						<PersonAddress>
							<AddressRF registration="true">
								<RegionCode>77</RegionCode>
								<Region>Москва</Region>
								<Street>Дмитровское шоссе</Street>
								<House>125</House>
								<Building>3</Building>
								<Apartment>55</Apartment>
							</AddressRF>
						</PersonAddress>
					</Attorney>
				</NotificationApplicant>
			</FormUZ1>
		</NotificationData>
	</RegistrationCertificateData>
	<RegistrationCertificateNotaryData>
		<IssuePlace>Город Подмосковный</IssuePlace>
		<IssueDate>2018-06-01</IssueDate>
		<NotaryName>Проверяющий Тест Тестович</NotaryName>
		<NotaryJobTitle>нотариус</NotaryJobTitle>
		<NotaryJobTitleShort>нотариус города Подмосковного</NotaryJobTitleShort>
		<NotaryID>94012345</NotaryID>
		<SignerID>94012345</SignerID>
		<RegistryNumber>2018-000-000001-777</RegistryNumber>
		<Tariff>600</Tariff>
	</RegistrationCertificateNotaryData>
</RegistrationCertificate>
