<SOAP-ENV:Envelope xmlns:SOAP-ENV="http://schemas.xmlsoap.org/soap/envelope/">
   <SOAP-ENV:Header/>
   <SOAP-ENV:Body>
      <ns2:getNotificationPackageStateResponse xmlns:ns2="http://fciit.ru/eis2/ruzdi/getNotificationPackageStateService/v1_0">
         <ns2:packageState>INWORK</ns2:packageState>
         <ns2:pledgeNotificationStatePackage>
            <ns2:packageId>03c25242-0d56-4b79-ad0c-0b90928e649e</ns2:packageId>
            <ns2:uip>4000000000000000000000000</ns2:uip>
            <ns2:packageStateCode>
               <ns2:code>0</ns2:code>
            </ns2:packageStateCode>
            <ns2:pledgeNotificationStateList>
               <ns2:pledgeNotificationStateListElement>
                  <ns2:notificationId>1f4a2bd0-02d6-436c-a71d-515f419791d7</ns2:notificationId>
                  <ns2:notificationStateCode>
                     <ns2:code>0</ns2:code>
                  </ns2:notificationStateCode>
               </ns2:pledgeNotificationStateListElement>
            </ns2:pledgeNotificationStateList>
         </ns2:pledgeNotificationStatePackage>
      </ns2:getNotificationPackageStateResponse>
   </SOAP-ENV:Body>
</SOAP-ENV:Envelope>