<?xml version="1.0" encoding="UTF-8"?>
<SOAP-ENV:Envelope xmlns:SOAP-ENV="http://schemas.xmlsoap.org/soap/envelope/" xmlns:ns1="http://fciit.ru/eis2/ruzdi/uploadNotificationPackageService/v1_0">
   <SOAP-ENV:Body>
      <v1:uploadNotificationPackageResponse xmlns:v1="http://fciit.ru/eis2/ruzdi/uploadNotificationPackageService/v1_0">
         <v1:registrationId/>
         <v1:packageStateCode>
            <v1:code>14</v1:code>
            <v1:message>Ошибка разбора/сохранения вложений. В архиве уведомления не найден xml или подпись ('.xml.sig' или '.xml.p7s').</v1:message>
         </v1:packageStateCode>
      </v1:uploadNotificationPackageResponse>
   </SOAP-ENV:Body>
</SOAP-ENV:Envelope>