<SOAP-ENV:Envelope xmlns:SOAP-ENV="http://schemas.xmlsoap.org/soap/envelope/" xmlns:ns1="http://fciit.ru/eis2/ruzdi/uploadNotificationPackageService/v1_0">
   <SOAP-ENV:Body>
      <v1:uploadNotificationPackageResponse xmlns:v1="http://fciit.ru/eis2/ruzdi/uploadNotificationPackageService/v1_0">
         <v1:registrationId>2251abd9-4ede-42b6-91f6-d172832cd2a0</v1:registrationId>
         <v1:packageStateCode>
            <v1:code>0</v1:code>
         </v1:packageStateCode>
      </v1:uploadNotificationPackageResponse>
   </SOAP-ENV:Body>
</SOAP-ENV:Envelope>