<SOAP-ENV:Envelope xmlns:SOAP-ENV="http://schemas.xmlsoap.org/soap/envelope/" xmlns:ns1="http://fciit.ru/eis2/ruzdi/getNotificationPackageStateService/v1_0">
   <SOAP-ENV:Body> 
      <tns:getNotificationPackageStateResponse xmlns:tns="http://fciit.ru/eis2/ruzdi/getNotificationPackageStateService/v1_0">
         <tns:packageState>FAULT</tns:packageState>
         <tns:pledgeNotificationStatePackage>
            <tns:packageId>00000001-993b-490d-9ab3-6f558b800c4c</tns:packageId>
            <tns:uip>4752216027339614007168142</tns:uip>
            <tns:packageStateCode>
               <tns:code>21</tns:code>
               <tns:message>Заявитель не зарегистрирован в Системе</tns:message>
            </tns:packageStateCode>
            <tns:pledgeNotificationStateList>
               <tns:pledgeNotificationStateListElement>
                  <tns:notificationId>54be8bb0-5593-42c4-b32c-a087af206d8d</tns:notificationId>
                  <tns:notificationStateCode>
                     <tns:code>21</tns:code>
                     <tns:message>Заявитель не зарегистрирован в Системе</tns:message>
                  </tns:notificationStateCode>
               </tns:pledgeNotificationStateListElement>
            </tns:pledgeNotificationStateList>
         </tns:pledgeNotificationStatePackage>
      </tns:getNotificationPackageStateResponse>
   </SOAP-ENV:Body>
</SOAP-ENV:Envelope>