<SOAP-ENV:Envelope xmlns:SOAP-ENV="http://schemas.xmlsoap.org/soap/envelope/">
   <SOAP-ENV:Header/>
   <SOAP-ENV:Body>
      <ns2:uploadNotificationPackageResponse xmlns:ns2="http://fciit.ru/eis2/ruzdi/uploadNotificationPackageService/v2_0">
         <ns2:packageStateCode>
            <ns2:code>11</ns2:code>
            <ns2:message>Пакет уведомлений не соответствует установленным форматам. Валидация: не верный формат UIP.</ns2:message>
         </ns2:packageStateCode>
      </ns2:uploadNotificationPackageResponse>
   </SOAP-ENV:Body>
</SOAP-ENV:Envelope>