<SOAP-ENV:Envelope xmlns:SOAP-ENV="http://schemas.xmlsoap.org/soap/envelope/">
   <SOAP-ENV:Header/>
   <SOAP-ENV:Body>
      <ns2:uploadNotificationPackageResponse xmlns:ns2="http://fciit.ru/eis2/ruzdi/uploadNotificationPackageService/v2_0">
         <ns2:registrationId>703f4da3-f9ae-41ed-b0e4-eb10aceb3e83</ns2:registrationId>
         <ns2:packageStateCode>
            <ns2:code>0</ns2:code>
         </ns2:packageStateCode>
      </ns2:uploadNotificationPackageResponse>
   </SOAP-ENV:Body>
</SOAP-ENV:Envelope>