<?xml version="1.0" encoding="UTF-8" standalone="yes"?>
<PledgeNotificationToNotary version="2.3" SendType="2" xmlns="http://fciit.ru/eisn/ruzdi/types/2.3">
	<NotificationId>2c09f759-f24b-4b9a-a93b-2a4a63e32f9e</NotificationId>
	<NotificationData version="2.3">
		<FormUZ2>
			<BondObligationProperties>
				<BondObligationProperty>
					<IssueNumber>189-29</IssueNumber>
					<IssueDate>2018-03-01</IssueDate>
					<Description>Денежные средства в размере 5000000 размещенные на счете № 123344098765434</Description>
				</BondObligationProperty>
			</BondObligationProperties>
			<BondObligationPledgor>
				<RussianOrganization>
					<NameFull>ОАО "Ромашка"</NameFull>
					<OGRN>0112233445566</OGRN>
					<INN>7830002293</INN>
					<Address>
						<RegionCode>77</RegionCode>
						<Region>Москва г</Region>
						<Street>1-й Архивный пер</Street>
						<House>1</House>
					</Address>
					<Email>Romashka@email.com</Email>
				</RussianOrganization>
			</BondObligationPledgor>
			<BondObligationPledgee>
				<IssueNumber>189-29</IssueNumber>
				<IssueDate>2018-03-01</IssueDate>
				<BondHolders>false</BondHolders>
				<OtherPersons>true</OtherPersons>
			</BondObligationPledgee>
			<BondObligationResolution>
				<Name>Решение о выпуске ценных бумаг ОАО «Ромашка»</Name>
				<Date>2018-08-20</Date>
				<Number>41900078А</Number>
				<Base>Решение о размещении облигаций принятого Советом директоров ОАО «Ромашка» «20» августа 2008 года, Протокол № 25 от «20» августа 2018</Base>
			</BondObligationResolution>
			<BondObligationAttorney>
				<Name>
					<Last>Петров</Last>
					<First>Иван</First>
					<Middle>Петрович</Middle>
				</Name>
				<BirthDate>1985-04-05</BirthDate>
				<Authority>Доверенность № 256</Authority>
				<PersonDocument>
					<Code>21</Code>
					<Name>Паспорт гражданина Российской Федерации</Name>
					<SeriesNumber>0123 450987</SeriesNumber>
				</PersonDocument>
				<PersonAddress>
					<AddressRF registration="true">
						<RegionCode>77</RegionCode>
						<Region>Москва г</Region>
						<Street>1-й Архивный пер</Street>
						<House>2</House>
					</AddressRF>
				</PersonAddress>
				<Email>Petrov@email.com</Email>
			</BondObligationAttorney>
		</FormUZ2>
	</NotificationData>
</PledgeNotificationToNotary>
