﻿<?xml version="1.0" encoding="utf-8"?>
<PledgeNotificationToNotary version="2.3" SendType="2" xmlns="http://fciit.ru/eisn/ruzdi/types/2.3">
  <NotificationId>ff62267d-efaa-48e6-ad32-a79e00fa081c</NotificationId>
  <NotificationData version="2.3">
    <FormUI3>
      <CreationReferenceNumber>2018-000-000001-123</CreationReferenceNumber>
      <PersonalProperties>
        <PersonalProperty>
          <VehicleProperty>
            <VIN>4JGBB8GB4BA662410</VIN>
            <BodyNumber>4JGBB8GB4BA662410</BodyNumber>
            <Description>Mercedes Benz ML</Description>
          </VehicleProperty>
        </PersonalProperty>
        <PersonalProperty>
          <VehicleProperty>
            <ChassisNumber>6481548</ChassisNumber>
            <Description>Buick Century</Description>
          </VehicleProperty>
        </PersonalProperty>
        <PersonalProperty>
          <VehicleProperty>
            <BodyNumber>WP1AB29P99LA40680</BodyNumber>
            <Description>Porsche Cayenne</Description>
          </VehicleProperty>
        </PersonalProperty>
      </PersonalProperties>
      <PMCNotificationApplicants>
        <PMCNotificationApplicant>
          <Role>3</Role>
          <SoleProprietor>
            <OGRNIP>116912574504019</OGRNIP>
            <INN>476459127209</INN>
            <Name>
              <Last>Индивидуальный</Last>
              <First>Иван</First>
              <Middle>Иванович</Middle>
            </Name>
            <Email>iii@mail.ru</Email>
          </SoleProprietor>
        </PMCNotificationApplicant>
      </PMCNotificationApplicants>
    </FormUI3>
  </NotificationData>
</PledgeNotificationToNotary>