﻿<?xml version="1.0" encoding="UTF-8" standalone="yes"?>
<PledgeNotificationToNotary version="2.3" SendType="2" xmlns="http://fciit.ru/eisn/ruzdi/types/2.3">
  <NotificationId>ff62267d-efaa-48e6-ad32-a79e00fa081c</NotificationId>
  <NotificationData version="2.3">
    <FormUP3>
      <CreationReferenceNumber>2018-000-000001-123</CreationReferenceNumber>
      <PledgeeExclusion>true</PledgeeExclusion>
      <PMCNotificationApplicant>
        <Role>3</Role>
        <SoleProprietor>
          <OGRNIP>116912574504019</OGRNIP>
          <INN>476459127209</INN>
          <Name>
            <Last>Индивидуальный</Last>
            <First>Иван</First>
            <Middle>Иванович</Middle>
          </Name>
          <Email>iii@mail.ru</Email>
        </SoleProprietor>
		<Attorney>
                    <Name>
                        <Last>ПУПКИН</Last>
                        <First>ИВАН</First>
                        <Middle>ИВАНОВИЧ</Middle>
                    </Name>
                    <BirthDate>1999-05-24</BirthDate>
                    <BaseAuthority>
                        <Name>Доверенность в машиночитаемом виде</Name>
                        <IssueNumber>db7f4810-87d1-4023-8397-457923ec6405</IssueNumber>
                        <IssuerInn>9723176740</IssuerInn>
                        <IssueDate>2024-02-19</IssueDate>
                    </BaseAuthority>
                    <PersonDocument>
                        <Code>21</Code>
                        <Name>Паспорт гражданина Российской Федерации</Name>
                        <SeriesNumber>78 61 601601</SeriesNumber>
                    </PersonDocument>
                    <PersonAddress>
                        <AddressRF registration="true">
                            <RegionCode>57</RegionCode>
                            <Region>Орловская область</Region>
                            <City>Г. Мценск</City>
                        </AddressRF>
                    </PersonAddress>
                </Attorney>
      </PMCNotificationApplicant>
    </FormUP3>
  </NotificationData>
</PledgeNotificationToNotary>