﻿<?xml version="1.0" encoding="UTF-8" standalone="yes"?>
<PledgeNotificationToNotary version="2.3" SendType="2" xmlns="http://fciit.ru/eisn/ruzdi/types/2.3">
  <NotificationId>ff62267d-efaa-48e6-ad32-a79e00fa081c</NotificationId>
  <NotificationData version="2.3">
    <FormUZ3>
      <PersonalProperties>
        <PersonalProperty>
          <VehicleProperty>
            <VIN>4JGBB8GB4BA662410</VIN>
            <BodyNumber>4JGBB8GB4BA662410</BodyNumber>
            <Description>Mercedes Benz ML</Description>
          </VehicleProperty>
        </PersonalProperty>
        <PersonalProperty>
          <VehicleProperty>
            <ChassisNumber>6481548</ChassisNumber>
            <Description>Buick Century</Description>
          </VehicleProperty>
        </PersonalProperty>
        <PersonalProperty>
          <VehicleProperty>
            <BodyNumber>WP1AB29P99LA40680</BodyNumber>
            <Description>Porsche Cayenne</Description>
          </VehicleProperty>
        </PersonalProperty>
        <PersonalProperty>
          <VehicleProperty>
            <PIN>JAF0L215HBM439652</PIN>
            <Description>Holland L215</Description>
          </VehicleProperty>
        </PersonalProperty>
      </PersonalProperties>
      <Pledgors>
        <Pledgor>
          <Organization>
            <RussianOrganization>
              <NameFull>ООО "Ромашка"</NameFull>
              <OGRN>1157847358228</OGRN>
              <INN>7813234103</INN>
              <Address>
                <RegionCode>78</RegionCode>
                <Region>Санкт-Петербург</Region>
                <City>Санкт-Петербург</City>
                <Street>наб Реки Фонтанки</Street>
                <House>144</House>
                <Apartment>2</Apartment>
              </Address>
              <Email>art@gmail.com</Email>
            </RussianOrganization>
          </Organization>
        </Pledgor>
      </Pledgors>
      <SyndicatedLoan>
        <SyndicatedLoanContract>
          <Date>2018-06-01</Date>
          <Number>3</Number>
          <TermOfContract>2019-05-31</TermOfContract>
        </SyndicatedLoanContract>
        <PledgeManager>
          <SoleProprietor>
            <OGRNIP>305770000292186</OGRNIP>
            <INN>771521716712</INN>
            <Name>
              <Last>Индивидуальный</Last>
              <First>Иван</First>
              <Middle>Иванович</Middle>
            </Name>
            <BirthDate>1990-06-12</BirthDate>
            <PersonDocument>
              <Code>01</Code>
              <Name>Паспорт гражданина РФ</Name>
              <SeriesNumber>4501 123456</SeriesNumber>
            </PersonDocument>
            <PersonAddress>
              <AddressRF registration="true">
                <RegionCode>77</RegionCode>
                <Region>Москва</Region>
                <City>Москва г</City>
                <Street>ул Тверская</Street>
                <House>14</House>
                <Building>1</Building>
                <Apartment>5</Apartment>
              </AddressRF>
            </PersonAddress>
            <Email>iii@mail.ru</Email>
          </SoleProprietor>
        </PledgeManager>
        <PledgeeInRegister>true</PledgeeInRegister>
        <PledgeManagementContract>
          <Date>2018-06-01</Date>
          <Number>3</Number>
        </PledgeManagementContract>
      </SyndicatedLoan>
      <PMCNotificationApplicant>
        <Role>3</Role>
        <SoleProprietor>
          <OGRNIP>116912574504019</OGRNIP>
          <INN>476459127209</INN>
          <Name>
            <Last>Индивидуальный</Last>
            <First>Иван</First>
            <Middle>Иванович</Middle>
          </Name>
          <Email>iii@mail.ru</Email>
        </SoleProprietor>
		<Attorney>
                    <Name>
                        <Last>ПУПКИН</Last>
                        <First>ИВАН</First>
                        <Middle>ИВАНОВИЧ</Middle>
                    </Name>
                    <BirthDate>1999-05-24</BirthDate>
                    <BaseAuthority>
                        <Name>Доверенность в машиночитаемом виде</Name>
                        <IssueNumber>db7f4810-87d1-4023-8397-457923ec6405</IssueNumber>
                        <IssuerInn>9723176740</IssuerInn>
                        <IssueDate>2024-02-19</IssueDate>
                    </BaseAuthority>
                    <PersonDocument>
                        <Code>21</Code>
                        <Name>Паспорт гражданина Российской Федерации</Name>
                        <SeriesNumber>78 61 601601</SeriesNumber>
                    </PersonDocument>
                    <PersonAddress>
                        <AddressRF registration="true">
                            <RegionCode>57</RegionCode>
                            <Region>Орловская область</Region>
                            <City>Г. Мценск</City>
                        </AddressRF>
                    </PersonAddress>
                </Attorney>
      </PMCNotificationApplicant>
    </FormUZ3>
  </NotificationData>
</PledgeNotificationToNotary>