﻿<?xml version="1.0" encoding="UTF-8" standalone="yes"?>
<PledgeNotificationToNotary version="2.3" SendType="2" xmlns="http://fciit.ru/eisn/ruzdi/types/2.3">
  <NotificationId>ff62267d-efaa-48e6-ad32-a79e00fa081c</NotificationId>
  <NotificationData version="2.3">
    <FormUP3>
      <CreationReferenceNumber>2018-000-000001-123</CreationReferenceNumber>
      <PledgeeExclusion>true</PledgeeExclusion>
      <PMCNotificationApplicant>
        <Role>3</Role>
        <SoleProprietor>
          <OGRNIP>116912574504019</OGRNIP>
          <INN>476459127209</INN>
          <Name>
            <Last>Индивидуальный</Last>
            <First>Иван</First>
            <Middle>Иванович</Middle>
          </Name>
          <Email>iii@mail.ru</Email>
        </SoleProprietor>
      </PMCNotificationApplicant>
    </FormUP3>
  </NotificationData>
</PledgeNotificationToNotary>