<?xml version="1.0" encoding="UTF-8" standalone="yes"?>
<PledgeNotificationToNotary xmlns="http://fciit.ru/eisn/ruzdi/types/2.3" version="2.3">
	<NotificationId>ff62267d-efaa-48e6-ad32-a79e00fa081c</NotificationId>
	<NotificationData version="2.3">
		<FormUP1>
				<CreationReferenceNumber>2018-002-557673-586</CreationReferenceNumber>
			<NotificationApplicant>
				<Role>2</Role>
				<Organization>
					<NameFull>ООО "Джакузи"</NameFull>
					<URN>1022700515595</URN>
					<UINN>2703019009</UINN>
					<Email>baf@rambler.ru</Email>
				</Organization>
				<Attorney>
					<Name>
						<Last>Представительный</Last>
						<First>Петр</First>
						<Middle>Петрович</Middle>
					</Name>
					<BirthDate>1991-01-01</BirthDate>
					<BaseAuthority>
                        <Name>Доверенность в машиночитаемом виде</Name>
                        <IssueNumber>db7f4810-87d1-4023-8397-457923ec6405</IssueNumber>
                        <IssuerInn>9723176740</IssuerInn>
                        <IssueDate>2024-02-19</IssueDate>
						<FileDesc>
                            <File>
<FileLocation>ON_EMCHD_20240219_db7f4810-87d1-4023-8397-457923ec6405.xml</FileLocation>
<Md5sum>D9A6A33F4634BC41D5F467D0B0E052DD</Md5sum>
                            </File>
                            <Signature>
<FileLocation>ON_EMCHD_20240219_db7f4810-87d1-4023-8397-457923ec6405.xml.sig</FileLocation>
<Md5sum>453B4083F9384B1068DEE6392021E522</Md5sum>
                            </Signature>
                            <AttachmentId>3f1fac3f-510d-4fd7-b7b5-b1a21a2b8c72</AttachmentId>
                        </FileDesc>
                    </BaseAuthority>
					<PersonDocument>
						<Code>21</Code>
						<Name>Паспорт гражданина Российской Федерации</Name>
						<SeriesNumber>4503 123456</SeriesNumber>
					</PersonDocument>
					<PersonAddress>
						<AddressRF registration="true">
							<RegionCode>77</RegionCode>
							<Region>Москва</Region>
							<Street>Дмитровское шоссе</Street>
							<House>125</House>
							<Building>3</Building>
							<Apartment>55</Apartment>
						</AddressRF>
					</PersonAddress>
				</Attorney>
			</NotificationApplicant>
		</FormUP1>
	</NotificationData>
</PledgeNotificationToNotary>
