<?xml version="1.0" encoding="UTF-8" standalone="yes"?>
<PledgeNotificationToNotary version="2.3" SendType="2" xmlns="http://fciit.ru/eisn/ruzdi/types/2.3">
	<NotificationId>2c09f759-f24b-4b9a-a93b-2a4a63e32f9e</NotificationId>
	<NotificationData version="2.3">
		<FormUP2>
		<CreationReferenceNumber>2018-000-000001-123</CreationReferenceNumber>
		<BondObligationAttorney>
				<Name>
					<Last>Петров</Last>
					<First>Иван</First>
					<Middle>Петрович</Middle>
				</Name>
				<BirthDate>1985-04-05</BirthDate>
				<Authority>Доверенность № 256</Authority>
				<PersonDocument>
					<Code>21</Code>
					<Name>Паспорт гражданина Российской Федерации</Name>
					<SeriesNumber>0123 450987</SeriesNumber>
				</PersonDocument>
				<PersonAddress>
					<AddressRF registration="true">
						<RegionCode>77</RegionCode>
						<Region>Москва г</Region>
						<Street>1-й Архивный пер</Street>
						<House>2</House>
					</AddressRF>
				</PersonAddress>
				<Email>Petrov@email.com</Email>
			</BondObligationAttorney>
		</FormUP2>
	</NotificationData>
</PledgeNotificationToNotary>
