<?xml version="1.0" encoding="UTF-8" standalone="yes"?>
<PledgeNotificationToNotary xmlns="http://fciit.ru/eisn/ruzdi/types/2.3" version="2.3" SendType="2">
    <NotificationId>63406011-d7db-45be-9d6c-3d5d8cfc8edd</NotificationId>
    <NotificationData version="2.3">
        <FormUZ3>
            <PersonalProperties>
                <PersonalProperty>
                    <OtherProperty>
                        <ID>1</ID>
                        <Description>Иное имущество 1</Description>
                    </OtherProperty>
                </PersonalProperty>
                <PersonalProperty>
                    <VehicleProperty>
                        <VIN>JT2BG22K3Y0485107</VIN>
                        <Description>2000 Toyota Camry</Description>
                    </VehicleProperty>
                </PersonalProperty>
            </PersonalProperties>
            <Pledgors>
                <Pledgor>
                    <Organization>
                        <RussianOrganization>
                            <NameFull>ООО "Капуста"</NameFull>
                            <OGRN>5020744639350</OGRN>
                            <INN>3258981850</INN>
                            <Address>
<RegionCode>31</RegionCode>
<Region>Белгородская область</Region>
<City>Белгород</City>
<Street>Советская</Street>
<House>5</House>
<Apartment>22</Apartment>
                            </Address>
                            <Email>k@pus.ta</Email>
                        </RussianOrganization>
                    </Organization>
                </Pledgor>
            </Pledgors>
            <SyndicatedLoan>
                <SyndicatedLoanContract>
                    <Name>Договор синдицированного кредита</Name>
                    <Date>2025-04-08</Date>
                    <Number>1-25СК</Number>
                    <TermOfContract>01.01.2030</TermOfContract>
                </SyndicatedLoanContract>
                <SyndicatedCreditManager>
                    <SoleProprietor>
                        <OGRNIP>325353949663202</OGRNIP>
                        <INN>389190209204</INN>
                        <Name>
                            <Last>Самохвалов</Last>
                            <First>Тест</First>
                            <Middle>Тестович</Middle>
                        </Name>
                        <BirthDate>1981-01-01</BirthDate>
                        <PersonDocument>
                            <Code>21</Code>
                            <Name>Паспорт гражданина Российской Федерации</Name>
                            <SeriesNumber>12 12 121212</SeriesNumber>
                        </PersonDocument>
                        <PersonAddress>
                            <AddressRF registration="true">
<RegionCode>31</RegionCode>
<Region>Белгородская область</Region>
<City>Белгород</City>
<Street>Советская</Street>
<House>5</House>
<Apartment>1</Apartment>
                            </AddressRF>
                        </PersonAddress>
                    </SoleProprietor>
                </SyndicatedCreditManager>
                <PledgeeInRegister>true</PledgeeInRegister>
            </SyndicatedLoan>
            <PMCNotificationApplicant>
                <Role>1</Role>
                <Organization>
                    <NameFull>ООО "Капуста"</NameFull>
                    <URN>5020744639350</URN>
                    <UINN>3258981850</UINN>
                    <Email>k@pus.ta</Email>
                </Organization>
                <Attorney>
                    <Name>
                        <Last>Камертонов</Last>
                        <First>Илья</First>
                        <Middle>Ильич</Middle>
                    </Name>
                    <BirthDate>1980-01-01</BirthDate>
                    <Authority>Устав</Authority>
                    <PersonDocument>
                        <Code>21</Code>
                        <Name>Паспорт гражданина Российской Федерации</Name>
                        <SeriesNumber>11 11 111111</SeriesNumber>
                    </PersonDocument>
                    <PersonAddress>
                        <AddressRF registration="true">
                            <RegionCode>31</RegionCode>
                            <Region>Белгородская область</Region>
                            <City>Белгород</City>
                            <Street>Советская</Street>
                            <House>8</House>
                            <Apartment>15</Apartment>
                        </AddressRF>
                    </PersonAddress>
                </Attorney>
            </PMCNotificationApplicant>
        </FormUZ3>
    </NotificationData>
</PledgeNotificationToNotary>
